,label,area,intensity_mean,axis_major_length,axis_minor_length,eccentricity,centroid-0,centroid-1,base_name
0,2,120961.0,421.0234786418763,927.7325706286388,176.5112155550706,0.9817335674376807,115.97042848521424,535.0877968932135,PMW949_NHS_007
1,3,22438.0,415.61244317675374,996.5058956172813,30.0,0.9995467360229834,253.5,503.0,PMW949_NHS_007
