,label,area,intensity_mean,axis_major_length,axis_minor_length,eccentricity,centroid-0,centroid-1,base_name
0,2,106558.0,420.04375082114905,758.5526960000421,207.02778168393118,0.9620353930891825,136.81014095609902,462.0119090073012,PMW949_HS_005
1,3,13632.0,416.32078931924883,983.8041810577279,18.439088914585774,0.999824341269801,265.5,547.5,PMW949_HS_005
