,label,area,intensity_mean,axis_major_length,axis_minor_length,eccentricity,centroid-0,centroid-1,base_name
0,4,726.0,425.6721763085399,36.97717507367185,25.679225285330748,0.7195298425332106,97.34022038567493,523.625344352617,PMW949_HS_003
1,15,95.0,427.9894736842105,12.326341132601481,10.019556287009623,0.5824628924113573,97.71578947368421,651.3263157894737,PMW949_HS_003
2,19,136.0,422.02941176470586,13.586854647144929,12.794603513483818,0.33648205170613066,126.55882352941177,456.3529411764706,PMW949_HS_003
3,26,104.0,420.90384615384613,13.168013587439807,10.052738938858155,0.6459011376374374,115.02884615384616,714.4038461538462,PMW949_HS_003
4,27,67.0,423.4179104477612,10.090112180284233,8.478416990019094,0.542168413754394,105.92537313432835,636.5223880597015,PMW949_HS_003
5,32,83.0,420.33734939759034,11.056425249308598,9.611538712019506,0.4942549027778203,78.6867469879518,798.2048192771084,PMW949_HS_003
6,33,66.0,422.93939393939394,9.289784655093092,9.024565609559497,0.23724248533882622,102.96969696969697,673.0,PMW949_HS_003
7,34,49.0,426.9183673469388,9.303973109626062,7.307833529688367,0.6189213157760229,89.51020408163265,646.6938775510204,PMW949_HS_003
8,35,47.0,428.9574468085106,9.802642040023866,6.651011889053432,0.7346080085728203,102.34042553191489,644.9148936170212,PMW949_HS_003
