,label,area,intensity_mean,axis_major_length,axis_minor_length,eccentricity,centroid-0,centroid-1,base_name
0,2,124511.0,427.7559251793014,912.4544818027392,184.17804985630627,0.9794166478409093,118.42091863369501,532.1313458248669,PMW948_NHS_007
1,3,22438.0,417.1006328549782,996.5058956172813,30.0,0.9995467360229834,253.5,503.0,PMW948_NHS_007
