,label,area,intensity_mean,axis_major_length,axis_minor_length,eccentricity,centroid-0,centroid-1,base_name
0,2,447070.0,114.31293757129755,1538.5854606455882,391.2092391271115,0.9671344493164901,217.9806025901984,840.9238441407385,PMW941_NHS_008
1,3,89752.0,109.14767358944647,1993.012794740666,60.03332407921454,0.9995462327390843,519.5,1072.5,PMW941_NHS_008
