,label,area,intensity_mean,axis_major_length,axis_minor_length,eccentricity,centroid-0,centroid-1,base_name
0,2,476066.0,121.37861136901186,1586.1015538744934,402.034240635208,0.9673424086245213,247.54637172156802,856.7069544979057,PMW941_NHS_002
1,3,89752.0,110.57241064265978,1993.012794740666,60.03332407921454,0.9995462327390843,510.5,1068.5,PMW941_NHS_002
