,label,area,intensity_mean,axis_major_length,axis_minor_length,eccentricity,centroid-0,centroid-1,base_name
0,2,528551.0,111.56969526119524,1813.8728920338567,395.4407782457657,0.9759467386875285,337.60078970619674,1025.6064031663927,PMW949_HS_001
1,3,89752.0,109.06930207683395,1993.012794740666,60.03332407921454,0.9995462327390843,35.5,886.5,PMW949_HS_001
