,label,area,intensity_mean,axis_major_length,axis_minor_length,eccentricity,centroid-0,centroid-1,base_name
0,2,516829.0,122.39496235698849,1798.1775115421449,391.6823369206956,0.9759885477619461,319.9253602255291,1018.7045560523887,PMW948_NHS_006
1,3,89752.0,109.44696497013994,1993.012794740666,60.03332407921454,0.9995462327390843,31.5,873.5,PMW948_NHS_006
