,label,area,intensity_mean,axis_major_length,axis_minor_length,eccentricity,centroid-0,centroid-1,base_name
0,1,1011452.0,110.99914677117648,2262.940733844538,642.9409117679693,0.9587894890990836,273.20339670098036,983.1266150049631,PMW949_NHS_006
