,label,area,intensity_mean,axis_major_length,axis_minor_length,eccentricity,centroid-0,centroid-1,base_name
0,2,546905.0,111.9479489125168,1907.9032284958005,384.6361361614285,0.9794676302446335,311.5103244622009,986.0213291156599,PMW949_HS_004
1,3,89752.0,109.4146314288261,1993.012794740666,60.03332407921454,0.9995462327390843,28.5,869.5,PMW949_HS_004
