,label,area,intensity_mean,axis_major_length,axis_minor_length,eccentricity,centroid-0,centroid-1,base_name
0,2,489684.0,115.48979137566268,1655.3133036469083,400.3499619223912,0.9703117759304752,242.50196453222895,943.3779784514095,PMW947_NHS_003
1,3,89752.0,109.71765531687316,1993.012794740666,60.03332407921454,0.9995462327390843,507.5,960.5,PMW947_NHS_003
