,label,area,intensity_mean,axis_major_length,axis_minor_length,eccentricity,centroid-0,centroid-1,base_name
0,2,454941.0,120.462475353947,1576.8199465283512,386.24785913615005,0.9695347809030876,222.1125112926731,904.2810320459137,PMW941_HS_006
1,3,89752.0,110.18850833407612,1993.012794740666,60.03332407921454,0.9995462327390843,515.5,943.5,PMW941_HS_006
