,label,area,intensity_mean,axis_major_length,axis_minor_length,eccentricity,centroid-0,centroid-1,base_name
0,2,479989.0,120.64106469106584,1577.4231781194535,404.412554677404,0.9665772788225008,249.25978720345674,970.4492894628835,PMW941_NHS_004
1,3,89752.0,110.09165255370354,1993.012794740666,60.03332407921454,0.9995462327390843,517.5,945.5,PMW941_NHS_004
