,label,area,intensity_mean,axis_major_length,axis_minor_length,eccentricity,centroid-0,centroid-1,base_name
0,1,827630.0,114.59873735848144,2330.7268854061103,683.7451738992478,0.956001632460757,266.9006210504694,929.9085231323176,PMW948_HS_003
