,label,area,intensity_mean,axis_major_length,axis_minor_length,eccentricity,centroid-0,centroid-1,base_name
0,1,1056595.0,110.87543855498086,2253.7432040862423,635.779397599607,0.9593852097029943,273.0223822751385,970.6885978071068,PMW949_HS_005
