,label,area,intensity_mean,axis_major_length,axis_minor_length,eccentricity,centroid-0,centroid-1,base_name
0,1,873906.0,112.74670960034604,2306.619062767551,667.4202201602751,0.9572233693960308,281.3050831553966,975.0264730989375,PMW941_NHS_008
