,label,area,intensity_mean,axis_major_length,axis_minor_length,eccentricity,centroid-0,centroid-1,base_name
0,2,523412.0,110.34685295713511,1759.0398507028929,397.6839672763258,0.9741087066986373,226.06750513935484,966.283017966726,PMW947_HS_005
1,3,89752.0,108.46635172475266,1993.012794740666,60.03332407921454,0.9995462327390843,515.5,941.5,PMW947_HS_005
