,label,area,intensity_mean,axis_major_length,axis_minor_length,eccentricity,centroid-0,centroid-1,base_name
0,2,434047.0,119.34885162205936,1638.8050240405703,362.62249886578417,0.9752120163910756,216.3758855607803,899.7992314196389,PMW941_HS_005
1,3,89752.0,109.85674971031287,1993.012794740666,60.03332407921454,0.9995462327390843,516.5,947.5,PMW941_HS_005
