,label,area,intensity_mean,axis_major_length,axis_minor_length,eccentricity,centroid-0,centroid-1,base_name
0,1,1051760.0,114.20653951471819,2235.658513174336,634.8914114775278,0.9588289972725648,272.6591789001293,977.6343272229406,PMW949_HS_004
