,label,area,intensity_mean,axis_major_length,axis_minor_length,eccentricity,centroid-0,centroid-1,base_name
0,1,818642.0,113.1764360978303,2329.456761345688,695.1320015277084,0.9544379377124091,270.2247636940201,924.8497768255232,PMW948_NHS_002
