,label,area,intensity_mean,axis_major_length,axis_minor_length,eccentricity,centroid-0,centroid-1,base_name
0,2,486115.0,123.72088291865094,1674.665853233164,388.1215557969831,0.9727728544043834,303.5802536436851,1078.3992779486337,PMW948_NHS_001
1,3,89752.0,109.95953293519922,1993.012794740666,60.03332407921454,0.9995462327390843,30.5,865.5,PMW948_NHS_001
