,label,area,intensity_mean,axis_major_length,axis_minor_length,eccentricity,centroid-0,centroid-1,base_name
0,2,468356.0,111.37738814064515,1683.5211417186183,412.4541063950988,0.9695243654996402,219.73537437333994,915.7318834390934,PMW947_HS_006
1,3,89752.0,108.75739816382922,1993.012794740666,60.03332407921454,0.9995462327390843,514.5,933.5,PMW947_HS_006
