,label,area,intensity_mean,axis_major_length,axis_minor_length,eccentricity,centroid-0,centroid-1,base_name
0,2,502994.0,119.9997952261856,1739.9978993366635,392.83273774560837,0.9741815111714965,313.6649105158312,978.542070084335,PMW948_HS_003
1,3,89752.0,109.94268651394955,1993.012794740666,60.03332407921454,0.9995462327390843,26.5,863.5,PMW948_HS_003
