,label,area,intensity_mean,axis_major_length,axis_minor_length,eccentricity,centroid-0,centroid-1,base_name
0,1,827291.0,114.48621464514905,2339.0766487280634,678.165745937654,0.9570482098832349,288.1848853668177,958.4311312464417,PMW941_HS_002
