,label,area,intensity_mean,axis_major_length,axis_minor_length,eccentricity,centroid-0,centroid-1,base_name
0,2,477766.0,115.8657501789579,1729.0518231697183,367.01854780205935,0.9772119704695599,211.38667464825878,930.8618256636094,PMW947_NHS_002
1,3,89752.0,110.28090738925037,1993.012794740666,60.03332407921454,0.9995462327390843,515.5,944.5,PMW947_NHS_002
