,label,area,intensity_mean,axis_major_length,axis_minor_length,eccentricity,centroid-0,centroid-1,base_name
0,2,531549.0,118.71229557387936,1854.049668990343,384.8113216639782,0.9782240314903012,270.76588047386036,1085.1840959158985,PMW948_NHS_005
1,3,89752.0,109.47399500846778,1993.012794740666,60.03332407921454,0.9995462327390843,518.5,876.5,PMW948_NHS_005
