,label,area,intensity_mean,axis_major_length,axis_minor_length,eccentricity,centroid-0,centroid-1,base_name
0,2,466696.0,126.18404914548229,1721.106229923931,382.5835680276409,0.9749807430377673,241.0496168812246,1020.03914968202,PMW941_HS_001
1,3,89752.0,110.71980568678136,1993.012794740666,60.03332407921454,0.9995462327390843,515.5,952.5,PMW941_HS_001
