,label,area,intensity_mean,axis_major_length,axis_minor_length,eccentricity,centroid-0,centroid-1,base_name
0,2,464381.0,128.03358449204424,1692.486726026902,372.87790355854594,0.9754290861132171,211.49980081011066,900.9490116951382,PMW941_HS_003
1,3,89752.0,114.28619975042339,1993.012794740666,60.03332407921454,0.9995462327390843,516.5,908.5,PMW941_HS_003
