,label,area,intensity_mean,axis_major_length,axis_minor_length,eccentricity,centroid-0,centroid-1,base_name
0,2,459328.0,111.68491361293019,1573.8123253851056,387.1868871688138,0.9692651425396711,219.90115560122615,840.6403855197158,PMW941_NHS_001
1,3,89752.0,109.61322310366343,1993.012794740666,60.03332407921454,0.9995462327390843,512.5,1019.5,PMW941_NHS_001
