,label,area,intensity_mean,axis_major_length,axis_minor_length,eccentricity,centroid-0,centroid-1,base_name
0,1,854415.0,113.0424629717409,2354.7667260466824,678.9772067873131,0.9575276086742226,281.80917235769505,942.8290736936968,PMW941_NHS_004
