,label,area,intensity_mean,axis_major_length,axis_minor_length,eccentricity,centroid-0,centroid-1,base_name
0,2,452942.0,125.43869413743923,1560.5924507565005,390.5703975424273,0.9681759294944998,225.6733113732001,930.0225061928459,PMW941_NHS_006
1,3,89752.0,110.42682057224351,1993.012794740666,60.03332407921454,0.9995462327390843,513.5,944.5,PMW941_NHS_006
