,label,area,intensity_mean,axis_major_length,axis_minor_length,eccentricity,centroid-0,centroid-1,base_name
0,1,1038482.0,111.1802236341121,2244.5371444875236,636.6180122104263,0.9589338026050876,275.5017111514692,976.0136824711453,PMW949_HS_002
