,label,area,intensity_mean,axis_major_length,axis_minor_length,eccentricity,centroid-0,centroid-1,base_name
0,1,861314.0,111.63869738562244,2332.6690131094656,673.8814896004102,0.9573627190175347,260.36382666484,942.9210856900039,PMW948_HS_004
