,label,area,intensity_mean,axis_major_length,axis_minor_length,eccentricity,centroid-0,centroid-1,base_name
0,2,455061.0,118.21825205851523,1590.3036432262538,387.4652513121809,0.9698651583429863,205.70863906157635,903.4932042077875,PMW941_NHS_009
1,3,89752.0,109.61795837418664,1993.012794740666,60.03332407921454,0.9995462327390843,497.5,877.5,PMW941_NHS_009
