,label,area,intensity_mean,axis_major_length,axis_minor_length,eccentricity,centroid-0,centroid-1,base_name
0,2,541769.0,112.89469127986283,1895.0624955388391,387.4540029201159,0.9788760742127038,289.12486133388956,1108.3819598389719,PMW949_NHS_005
1,3,89752.0,109.64916659238791,1993.012794740666,60.03332407921454,0.9995462327390843,520.5,864.5,PMW949_NHS_005
