,label,area,intensity_mean,axis_major_length,axis_minor_length,eccentricity,centroid-0,centroid-1,base_name
0,2,497841.0,112.91279143340947,1641.0428179459043,406.51836887573484,0.9688317864520879,268.6887580572914,1054.1548225236572,PMW947_HS_004
1,3,89752.0,109.65312193600143,1993.012794740666,60.03332407921454,0.9995462327390843,511.5,950.5,PMW947_HS_004
