,label,area,intensity_mean,axis_major_length,axis_minor_length,eccentricity,centroid-0,centroid-1,base_name
0,1,848264.0,112.22218083049617,2350.534918528663,681.0059703267323,0.9571102885790922,287.1753475333151,952.6562237699584,PMW941_HS_005
