,label,area,intensity_mean,axis_major_length,axis_minor_length,eccentricity,centroid-0,centroid-1,base_name
0,2,496164.0,112.5438987915286,1817.2825311299669,369.7263238150148,0.9790853151376967,348.3204404188937,1062.289307567659,PMW949_NHS_001
1,3,89752.0,109.17975086906141,1993.012794740666,60.03332407921454,0.9995462327390843,28.5,895.5,PMW949_NHS_001
