,label,area,intensity_mean,axis_major_length,axis_minor_length,eccentricity,centroid-0,centroid-1,base_name
0,1,1041319.0,110.94732545934531,2261.956706366757,636.7508153114935,0.9595599305777508,271.2703926462496,972.4082514580066,PMW947_HS_001
