,label,area,intensity_mean,axis_major_length,axis_minor_length,eccentricity,centroid-0,centroid-1,base_name
0,2,563248.0,116.88159744908104,1836.6686073990236,412.4301745414833,0.9744617858063002,258.24719484134874,984.1410302389,PMW948_NHS_003
1,3,65936.0,110.20538097549138,1464.159827341264,60.03332407921454,0.9991590688164796,517.5,1204.5,PMW948_NHS_003
