,label,area,intensity_mean,axis_major_length,axis_minor_length,eccentricity,centroid-0,centroid-1,base_name
0,2,543041.0,111.96959713907421,1942.9059001136484,375.16073379322535,0.9811805396592596,319.5115433272994,1017.0917168316942,PMW949_HS_005
1,3,89752.0,109.30802656208218,1993.012794740666,60.03332407921454,0.9995462327390843,31.5,869.5,PMW949_HS_005
