,label,area,intensity_mean,axis_major_length,axis_minor_length,eccentricity,centroid-0,centroid-1,base_name
0,2,557182.0,116.14844521179793,1836.2232927454281,406.8432239636008,0.9751455541637085,317.315957801939,1008.9711907419837,PMW948_HS_004
1,3,89752.0,109.43538862643729,1993.012794740666,60.03332407921454,0.9995462327390843,32.5,871.5,PMW948_HS_004
