,label,area,intensity_mean,axis_major_length,axis_minor_length,eccentricity,centroid-0,centroid-1,base_name
0,1,841387.0,114.47584048719554,2319.13376151558,680.923278070017,0.9559249743411737,260.9812024668791,928.7284792848,PMW948_HS_005
