,label,area,intensity_mean,axis_major_length,axis_minor_length,eccentricity,centroid-0,centroid-1,base_name
0,1,844184.0,117.97963950986988,2326.6567056102176,685.0639138502667,0.9556695550134726,274.9902852932536,976.5641210920842,PMW941_NHS_002
