,label,area,intensity_mean,axis_major_length,axis_minor_length,eccentricity,centroid-0,centroid-1,base_name
0,1,1043601.0,115.7675893373042,2250.8432868888035,635.1586059043333,0.9593594343542735,275.4341295188487,964.8924732728312,PMW947_HS_004
