,label,area,intensity_mean,axis_major_length,axis_minor_length,eccentricity,centroid-0,centroid-1,base_name
0,2,378262.0,120.78238628252376,1508.7329462092018,342.5006103879624,0.9738919414889142,336.55416880363344,911.7020451433134,PMW948_HS_001
1,3,89752.0,109.12107808182547,1993.012794740666,60.03332407921454,0.9995462327390843,35.5,873.5,PMW948_HS_001
