,label,area,intensity_mean,axis_major_length,axis_minor_length,eccentricity,centroid-0,centroid-1,base_name
0,2,531952.0,116.25245698860047,1743.4593427412967,409.66745902838227,0.9720016777393383,232.79301327939362,1008.0672899058561,PMW947_NHS_005
1,3,89752.0,109.39052054550316,1993.012794740666,60.03332407921454,0.9995462327390843,521.5,917.5,PMW947_NHS_005
