,label,area,intensity_mean,axis_major_length,axis_minor_length,eccentricity,centroid-0,centroid-1,base_name
0,1,875763.0,112.60560220059537,2322.0752435940544,669.7278802896317,0.9575046532228563,284.8964274581137,932.1045693869232,PMW941_NHS_005
