,label,area,intensity_mean,axis_major_length,axis_minor_length,eccentricity,centroid-0,centroid-1,base_name
0,2,504954.0,115.25443109669396,1661.612899153517,444.32701343462213,0.9635836582499516,329.9291935503036,943.9694011731762,PMW947_NHS_004
1,3,77272.0,109.11046692204162,1715.8846115050976,60.03332407921454,0.9993877742508106,25.5,743.5,PMW947_NHS_004
