,label,area,intensity_mean,axis_major_length,axis_minor_length,eccentricity,centroid-0,centroid-1,base_name
0,4,1470.0,117.9843537414966,54.31297966571561,34.71284118414367,0.7691019880672008,346.3061224489796,1279.8278911564626,PMW949_HS_006
1,7,103.0,113.20388349514563,12.667903274322324,10.368461683194253,0.5745309481119235,336.13592233009706,523.0970873786408,PMW949_HS_006
2,8,455.0,116.14285714285714,31.37092218715285,18.5032471742923,0.8075335863567666,385.1164835164835,901.5142857142857,PMW949_HS_006
3,10,110.0,113.87272727272727,13.445993820132347,10.457689358452388,0.6285675060533383,279.92727272727274,1631.0727272727272,PMW949_HS_006
4,21,177.0,117.40677966101696,17.021959500863666,13.357042192507471,0.6198823719770057,407.5593220338983,1371.90395480226,PMW949_HS_006
5,24,1095.0,118.57808219178082,43.95372554454377,32.332296026027066,0.6774177429004383,373.34885844748857,1448.0155251141553,PMW949_HS_006
6,26,149.0,112.47651006711409,14.214194778562367,13.345718096197922,0.3441880114171391,284.5302013422819,378.46308724832215,PMW949_HS_006
