,label,area,intensity_mean,axis_major_length,axis_minor_length,eccentricity,centroid-0,centroid-1,base_name
0,1,819624.0,118.7004577708803,2294.544723527481,687.8844213003746,0.9540048264647825,284.1083899446576,908.3458415078134,PMW941_HS_001
