,label,area,intensity_mean,axis_major_length,axis_minor_length,eccentricity,centroid-0,centroid-1,base_name
0,2,491127.0,114.45233310325028,1726.1425163808417,385.58768639553847,0.974731175987694,325.09659823222916,986.6348459767025,PMW949_NHS_004
1,3,89752.0,109.86876058472235,1993.012794740666,60.03332407921454,0.9995462327390843,30.5,874.5,PMW949_NHS_004
