,label,area,intensity_mean,axis_major_length,axis_minor_length,eccentricity,centroid-0,centroid-1,base_name
0,2,481119.0,116.99542524822341,1547.1411535108818,418.2168681318352,0.9627716806376057,332.48157940135394,823.4347635408287,PMW941_NHS_003
1,3,89752.0,109.73294188430341,1993.012794740666,60.03332407921454,0.9995462327390843,46.5,911.5,PMW941_NHS_003
