,label,area,intensity_mean,axis_major_length,axis_minor_length,eccentricity,centroid-0,centroid-1,base_name
0,1,953271.0,112.89174222230615,2276.150094504473,634.5510107342682,0.9603542416387209,259.0121959023195,952.9456324591853,PMW949_NHS_001
