,label,area,intensity_mean,axis_major_length,axis_minor_length,eccentricity,centroid-0,centroid-1,base_name
0,2,541014.0,119.52192919222054,1768.6531885410654,414.4195696197313,0.9721610552190276,337.4366559830245,1034.2568122081868,PMW948_HS_002
1,3,89752.0,109.55953070683661,1993.012794740666,60.03332407921454,0.9995462327390843,31.5,877.5,PMW948_HS_002
