,label,area,intensity_mean,axis_major_length,axis_minor_length,eccentricity,centroid-0,centroid-1,base_name
0,1,890851.0,113.5189442454462,2300.5024187031304,665.5800395945628,0.957232610007947,280.9369232340762,936.3683825914771,PMW947_NHS_005
