,label,area,intensity_mean,axis_major_length,axis_minor_length,eccentricity,centroid-0,centroid-1,base_name
0,2,448150.0,126.3908245007252,1596.1581467593057,376.9075902564324,0.9717204437961905,225.66986946334933,969.5195157871249,PMW941_HS_004
1,3,89752.0,110.34230992067029,1993.012794740666,60.03332407921454,0.9995462327390843,517.5,986.5,PMW941_HS_004
