,label,area,intensity_mean,axis_major_length,axis_minor_length,eccentricity,centroid-0,centroid-1,base_name
0,2,461226.0,112.72790779357625,1700.0892889162474,370.0025433809489,0.9760297548013164,354.8998907260215,1049.3567361770586,PMW949_HS_006
1,3,89752.0,109.50993849719227,1993.012794740666,60.03332407921454,0.9995462327390843,34.5,864.5,PMW949_HS_006
