,label,area,intensity_mean,axis_major_length,axis_minor_length,eccentricity,centroid-0,centroid-1,base_name
0,2,429996.0,111.69311807551698,1634.624615892308,353.16559145651064,0.9763816317389201,362.6047195787868,931.2605070744844,PMW947_HS_003
1,3,89752.0,109.05549737053214,1993.012794740666,60.03332407921454,0.9995462327390843,123.5,981.5,PMW947_HS_003
