,label,area,intensity_mean,axis_major_length,axis_minor_length,eccentricity,centroid-0,centroid-1,base_name
0,1,905211.0,112.3171094915992,2339.6980092770523,660.0227447465303,0.9593857681872958,264.8587036613563,978.1703735372195,PMW947_NHS_006
