,label,area,intensity_mean,axis_major_length,axis_minor_length,eccentricity,centroid-0,centroid-1,base_name
0,2,522771.0,113.16535729793733,1820.214661216936,382.1867213792721,0.9777082716709614,197.83859854506085,1056.3815150419591,PMW947_NHS_001
1,3,89752.0,109.80281219360015,1993.012794740666,60.03332407921454,0.9995462327390843,515.5,978.5,PMW947_NHS_001
