,label,area,intensity_mean,axis_major_length,axis_minor_length,eccentricity,centroid-0,centroid-1,base_name
0,1,1055856.0,110.3288128305375,2250.0297549374754,634.2116583903461,0.9594531580913026,272.9797747041263,971.2203690654786,PMW947_HS_006
