,label,area,intensity_mean,axis_major_length,axis_minor_length,eccentricity,centroid-0,centroid-1,base_name
0,2,528487.0,122.38665662542314,1747.9075396535557,404.6761818612475,0.9728300587262866,279.2929116515638,966.385360472443,PMW948_NHS_002
1,3,89752.0,110.11261030394866,1993.012794740666,60.03332407921454,0.9995462327390843,27.5,863.5,PMW948_NHS_002
