,label,area,intensity_mean,axis_major_length,axis_minor_length,eccentricity,centroid-0,centroid-1,base_name
0,2,539671.0,122.49492375910508,1818.87644051594,400.17251229815326,0.9754974297351527,244.34143394772,1020.1290749363965,PMW948_HS_006
1,3,89752.0,109.52822221231838,1993.012794740666,60.03332407921454,0.9995462327390843,519.5,927.5,PMW948_HS_006
