,label,area,intensity_mean,axis_major_length,axis_minor_length,eccentricity,centroid-0,centroid-1,base_name
0,2,488428.0,111.93334329727206,1766.8422951508298,373.04449470364005,0.9774566357720315,235.57560172635476,944.8718562408379,PMW949_HS_002
1,3,89752.0,109.17122738211962,1993.012794740666,60.03332407921454,0.9995462327390843,516.5,942.5,PMW949_HS_002
