,label,area,intensity_mean,axis_major_length,axis_minor_length,eccentricity,centroid-0,centroid-1,base_name
0,2,478998.0,112.42553622353329,1731.621977045513,384.4466233606592,0.9750431752391712,237.9394277220364,1092.1373638303292,PMW949_HS_003
1,3,78364.0,109.21107906691849,1740.1333282251678,60.03332407921454,0.9994047231154436,517.5,757.0,PMW949_HS_003
