,label,area,intensity_mean,axis_major_length,axis_minor_length,eccentricity,centroid-0,centroid-1,base_name
0,2,472767.0,112.9077558289813,1641.2442150966417,390.13144026533774,0.9713374709173864,226.71442803748994,927.7136559869872,PMW947_HS_002
1,3,89752.0,109.31590382387022,1993.012794740666,60.03332407921454,0.9995462327390843,516.5,949.5,PMW947_HS_002
