,label,area,intensity_mean,axis_major_length,axis_minor_length,eccentricity,centroid-0,centroid-1,base_name
0,1,916719.0,112.3687291307369,2330.154696484007,661.7136929698789,0.9588306661097015,284.4205225374406,964.6206514755339,PMW947_NHS_002
