,label,area,intensity_mean,axis_major_length,axis_minor_length,eccentricity,centroid-0,centroid-1,base_name
0,1,1030644.0,111.32763107338712,2262.6984732793726,641.2174214508701,0.9590058846836015,274.34500079561906,974.5484881297518,PMW947_HS_002
