,label,area,intensity_mean,axis_major_length,axis_minor_length,eccentricity,centroid-0,centroid-1,base_name
0,2,472349.0,119.04374096272036,1664.9502487899895,380.1386758166047,0.9735865323331332,212.3233753008898,989.9518915039515,PMW941_HS_007
1,3,89752.0,109.3939076566539,1993.012794740666,60.03332407921454,0.9995462327390843,514.5,939.5,PMW941_HS_007
